Size, baseline, 1-bit counter, 2-bit counter, 4-bit counter, 8-bit counter, 16-bit counter, 32-bit counter, 48-bit counter
Logic LUTs, 22.59321288, 23.71405129, 25.7855427, 28.94564555, 36.93530924, 44.10052104, 63.26025173, 84.04782447
Registers, 4.786803018, 5.37259778, 5.897575788, 6.875718974, 8.886435918, 12.91167614, 21.00516816, 29.04494857
Logic LUTs, 13.48118825, 14.14678915, 15.19962106, 17.06244079, 21.00351874, 26.36385167, 38.0204527, 50.34739139
Registers, 3.516840912, 3.888804304, 4.198005481, 4.884583503, 6.056638246, 8.498147584, 13.40167817, 18.31886927